# ************************************************************
# Sequel Pro SQL dump
# Version 4541
#
# http://www.sequelpro.com/
# https://github.com/sequelpro/sequelpro
#
# Host: 192.168.10.10 (MySQL 5.7.31-0ubuntu0.18.04.1)
# Datenbank: scoop_webapp_db
# Erstellt am: 2020-12-20 17:39:06 +0000
# ************************************************************


/*!40101 SET @OLD_CHARACTER_SET_CLIENT=@@CHARACTER_SET_CLIENT */;
/*!40101 SET @OLD_CHARACTER_SET_RESULTS=@@CHARACTER_SET_RESULTS */;
/*!40101 SET @OLD_COLLATION_CONNECTION=@@COLLATION_CONNECTION */;
/*!40101 SET NAMES utf8 */;
/*!40014 SET @OLD_FOREIGN_KEY_CHECKS=@@FOREIGN_KEY_CHECKS, FOREIGN_KEY_CHECKS=0 */;
/*!40101 SET @OLD_SQL_MODE=@@SQL_MODE, SQL_MODE='NO_AUTO_VALUE_ON_ZERO' */;
/*!40111 SET @OLD_SQL_NOTES=@@SQL_NOTES, SQL_NOTES=0 */;


# Export von Tabelle allergen_recipe
# ------------------------------------------------------------

DROP TABLE IF EXISTS `allergen_recipe`;

CREATE TABLE `allergen_recipe` (
  `allergen_id` bigint(20) unsigned NOT NULL,
  `recipe_id` bigint(20) unsigned NOT NULL,
  PRIMARY KEY (`allergen_id`,`recipe_id`),
  KEY `allergen_recipe_recipe_id_foreign` (`recipe_id`),
  CONSTRAINT `allergen_recipe_allergen_id_foreign` FOREIGN KEY (`allergen_id`) REFERENCES `allergens` (`id`),
  CONSTRAINT `allergen_recipe_recipe_id_foreign` FOREIGN KEY (`recipe_id`) REFERENCES `recipes` (`id`)
) ENGINE=InnoDB DEFAULT CHARSET=utf8mb4 COLLATE=utf8mb4_unicode_ci;

LOCK TABLES `allergen_recipe` WRITE;
/*!40000 ALTER TABLE `allergen_recipe` DISABLE KEYS */;

INSERT INTO `allergen_recipe` (`allergen_id`, `recipe_id`)
VALUES
	(8,23),
	(9,23),
	(6,24),
	(6,25),
	(6,26),
	(11,26),
	(12,27),
	(11,28),
	(11,29),
	(7,30),
	(6,31),
	(6,32),
	(7,33),
	(8,33),
	(9,33),
	(6,34),
	(7,34),
	(8,34),
	(9,34),
	(10,34),
	(11,34),
	(6,35),
	(7,54),
	(10,54),
	(11,54),
	(6,55),
	(11,55),
	(6,57),
	(6,58),
	(7,58),
	(11,58),
	(6,59),
	(7,59),
	(8,59),
	(9,59),
	(10,59),
	(11,59),
	(6,60),
	(6,61),
	(6,62),
	(6,63),
	(6,64),
	(6,65),
	(10,65),
	(6,66),
	(6,67),
	(10,67);

/*!40000 ALTER TABLE `allergen_recipe` ENABLE KEYS */;
UNLOCK TABLES;


# Export von Tabelle allergens
# ------------------------------------------------------------

DROP TABLE IF EXISTS `allergens`;

CREATE TABLE `allergens` (
  `id` bigint(20) unsigned NOT NULL AUTO_INCREMENT,
  `created_at` timestamp NULL DEFAULT NULL,
  `updated_at` timestamp NULL DEFAULT NULL,
  `name` varchar(255) COLLATE utf8mb4_unicode_ci NOT NULL,
  PRIMARY KEY (`id`)
) ENGINE=InnoDB DEFAULT CHARSET=utf8mb4 COLLATE=utf8mb4_unicode_ci;

LOCK TABLES `allergens` WRITE;
/*!40000 ALTER TABLE `allergens` DISABLE KEYS */;

INSERT INTO `allergens` (`id`, `created_at`, `updated_at`, `name`)
VALUES
	(6,'2020-12-01 22:18:11','2020-12-01 22:18:11','lactose-free'),
	(7,'2020-12-01 22:18:11','2020-12-01 22:18:11','gluten-free'),
	(8,'2020-12-01 22:18:11','2020-12-01 22:18:11','histamine-free'),
	(9,'2020-12-01 22:18:11','2020-12-01 22:18:11','nut-free'),
	(10,'2020-12-01 22:18:11','2020-12-01 22:18:11','vegetarian'),
	(11,'2020-12-01 22:18:11','2020-12-01 22:18:11','vegan'),
	(12,'2020-12-01 22:18:11','2020-12-01 22:18:11','undefined');

/*!40000 ALTER TABLE `allergens` ENABLE KEYS */;
UNLOCK TABLES;


# Export von Tabelle categories
# ------------------------------------------------------------

DROP TABLE IF EXISTS `categories`;

CREATE TABLE `categories` (
  `id` bigint(20) unsigned NOT NULL AUTO_INCREMENT,
  `created_at` timestamp NULL DEFAULT NULL,
  `updated_at` timestamp NULL DEFAULT NULL,
  `name` varchar(255) COLLATE utf8mb4_unicode_ci NOT NULL,
  PRIMARY KEY (`id`)
) ENGINE=InnoDB DEFAULT CHARSET=utf8mb4 COLLATE=utf8mb4_unicode_ci;

LOCK TABLES `categories` WRITE;
/*!40000 ALTER TABLE `categories` DISABLE KEYS */;

INSERT INTO `categories` (`id`, `created_at`, `updated_at`, `name`)
VALUES
	(4,'2020-12-01 22:18:11','2020-12-01 22:18:11','All'),
	(5,'2020-12-01 22:18:11','2020-12-01 22:18:11','Breakfast'),
	(6,'2020-12-01 22:18:11','2020-12-01 22:18:11','Lunch'),
	(7,'2020-12-01 22:18:11','2020-12-01 22:18:11','Dinner'),
	(8,'2020-12-01 22:18:11','2020-12-01 22:18:11','Dessert');

/*!40000 ALTER TABLE `categories` ENABLE KEYS */;
UNLOCK TABLES;


# Export von Tabelle failed_jobs
# ------------------------------------------------------------

DROP TABLE IF EXISTS `failed_jobs`;

CREATE TABLE `failed_jobs` (
  `id` bigint(20) unsigned NOT NULL AUTO_INCREMENT,
  `uuid` varchar(255) COLLATE utf8mb4_unicode_ci NOT NULL,
  `connection` text COLLATE utf8mb4_unicode_ci NOT NULL,
  `queue` text COLLATE utf8mb4_unicode_ci NOT NULL,
  `payload` longtext COLLATE utf8mb4_unicode_ci NOT NULL,
  `exception` longtext COLLATE utf8mb4_unicode_ci NOT NULL,
  `failed_at` timestamp NOT NULL DEFAULT CURRENT_TIMESTAMP,
  PRIMARY KEY (`id`),
  UNIQUE KEY `failed_jobs_uuid_unique` (`uuid`)
) ENGINE=InnoDB DEFAULT CHARSET=utf8mb4 COLLATE=utf8mb4_unicode_ci;



# Export von Tabelle favorites
# ------------------------------------------------------------

DROP TABLE IF EXISTS `favorites`;

CREATE TABLE `favorites` (
  `user_id` bigint(20) unsigned NOT NULL,
  `recipe_id` bigint(20) unsigned NOT NULL,
  PRIMARY KEY (`user_id`,`recipe_id`),
  KEY `favorites_recipe_id_foreign` (`recipe_id`),
  CONSTRAINT `favorites_recipe_id_foreign` FOREIGN KEY (`recipe_id`) REFERENCES `recipes` (`id`),
  CONSTRAINT `favorites_user_id_foreign` FOREIGN KEY (`user_id`) REFERENCES `users` (`id`)
) ENGINE=InnoDB DEFAULT CHARSET=utf8mb4 COLLATE=utf8mb4_unicode_ci;

LOCK TABLES `favorites` WRITE;
/*!40000 ALTER TABLE `favorites` DISABLE KEYS */;

INSERT INTO `favorites` (`user_id`, `recipe_id`)
VALUES
	(3,19),
	(3,22),
	(3,24),
	(9,26),
	(17,26),
	(9,29),
	(18,35),
	(19,55),
	(20,55),
	(20,58),
	(23,65);

/*!40000 ALTER TABLE `favorites` ENABLE KEYS */;
UNLOCK TABLES;


# Export von Tabelle following
# ------------------------------------------------------------

DROP TABLE IF EXISTS `following`;

CREATE TABLE `following` (
  `leading_user_id` bigint(20) unsigned NOT NULL,
  `following_user_id` bigint(20) unsigned NOT NULL,
  PRIMARY KEY (`leading_user_id`,`following_user_id`),
  KEY `following_following_user_id_foreign` (`following_user_id`),
  CONSTRAINT `following_following_user_id_foreign` FOREIGN KEY (`following_user_id`) REFERENCES `users` (`id`),
  CONSTRAINT `following_leading_user_id_foreign` FOREIGN KEY (`leading_user_id`) REFERENCES `users` (`id`)
) ENGINE=InnoDB DEFAULT CHARSET=utf8mb4 COLLATE=utf8mb4_unicode_ci;

LOCK TABLES `following` WRITE;
/*!40000 ALTER TABLE `following` DISABLE KEYS */;

INSERT INTO `following` (`leading_user_id`, `following_user_id`)
VALUES
	(3,3),
	(9,3),
	(3,4),
	(4,5),
	(3,7),
	(3,17),
	(3,20),
	(19,20),
	(19,23),
	(20,23);

/*!40000 ALTER TABLE `following` ENABLE KEYS */;
UNLOCK TABLES;


# Export von Tabelle migrations
# ------------------------------------------------------------

DROP TABLE IF EXISTS `migrations`;

CREATE TABLE `migrations` (
  `id` int(10) unsigned NOT NULL AUTO_INCREMENT,
  `migration` varchar(255) COLLATE utf8mb4_unicode_ci NOT NULL,
  `batch` int(11) NOT NULL,
  PRIMARY KEY (`id`)
) ENGINE=InnoDB DEFAULT CHARSET=utf8mb4 COLLATE=utf8mb4_unicode_ci;

LOCK TABLES `migrations` WRITE;
/*!40000 ALTER TABLE `migrations` DISABLE KEYS */;

INSERT INTO `migrations` (`id`, `migration`, `batch`)
VALUES
	(27,'2014_10_12_000000_create_users_table',1),
	(28,'2014_10_12_100000_create_password_resets_table',1),
	(29,'2019_08_19_000000_create_failed_jobs_table',1),
	(30,'2020_11_29_210511_create_recipes',1),
	(31,'2020_11_29_211138_create_categories_table',1),
	(32,'2020_11_29_211449_create_allergens_table',1),
	(33,'2020_11_29_212214_update_categories_name_column',1),
	(34,'2020_11_29_212310_update_allergens_name_column',1),
	(35,'2020_11_29_214238_create_following',1),
	(36,'2020_11_29_220302_create_allergen_recipe',1),
	(37,'2020_11_29_220853_add_foreignkey_categoryid_to_recipes',2),
	(38,'2020_12_02_193303_add_image_path_recipes',3),
	(39,'2020_12_02_193917_add_image_path_recipe_again',4),
	(40,'2020_12_04_130447_add_allergens_to_recipe',5),
	(41,'2020_12_04_182012_change_ingredients_to_array',6),
	(42,'2020_12_04_192407_change_steps_to_array',7),
	(43,'2020_12_05_111024_create_favorites',8),
	(44,'2020_12_12_100945_create_ratings_table',9),
	(45,'2020_12_12_110716_create_reviews_table',10),
	(46,'2020_12_12_203426_add_rating_to_recipe',11),
	(47,'2020_12_13_094933_rating_avg_on_recipe_default',12);

/*!40000 ALTER TABLE `migrations` ENABLE KEYS */;
UNLOCK TABLES;


# Export von Tabelle password_resets
# ------------------------------------------------------------

DROP TABLE IF EXISTS `password_resets`;

CREATE TABLE `password_resets` (
  `email` varchar(255) COLLATE utf8mb4_unicode_ci NOT NULL,
  `token` varchar(255) COLLATE utf8mb4_unicode_ci NOT NULL,
  `created_at` timestamp NULL DEFAULT NULL,
  KEY `password_resets_email_index` (`email`)
) ENGINE=InnoDB DEFAULT CHARSET=utf8mb4 COLLATE=utf8mb4_unicode_ci;



# Export von Tabelle ratings
# ------------------------------------------------------------

DROP TABLE IF EXISTS `ratings`;

CREATE TABLE `ratings` (
  `id` int(10) unsigned NOT NULL AUTO_INCREMENT,
  `created_at` timestamp NULL DEFAULT NULL,
  `updated_at` timestamp NULL DEFAULT NULL,
  `rating` int(11) NOT NULL,
  `rateable_type` varchar(255) COLLATE utf8mb4_unicode_ci NOT NULL,
  `rateable_id` bigint(20) unsigned NOT NULL,
  `user_id` bigint(20) unsigned NOT NULL,
  PRIMARY KEY (`id`),
  KEY `ratings_rateable_type_rateable_id_index` (`rateable_type`,`rateable_id`),
  KEY `ratings_rateable_id_index` (`rateable_id`),
  KEY `ratings_rateable_type_index` (`rateable_type`),
  KEY `ratings_user_id_foreign` (`user_id`),
  CONSTRAINT `ratings_user_id_foreign` FOREIGN KEY (`user_id`) REFERENCES `users` (`id`)
) ENGINE=InnoDB DEFAULT CHARSET=utf8mb4 COLLATE=utf8mb4_unicode_ci;

LOCK TABLES `ratings` WRITE;
/*!40000 ALTER TABLE `ratings` DISABLE KEYS */;

INSERT INTO `ratings` (`id`, `created_at`, `updated_at`, `rating`, `rateable_type`, `rateable_id`, `user_id`)
VALUES
	(1,'2020-12-12 10:28:26','2020-12-12 10:28:26',3,'App\\Models\\Recipe',35,18);

/*!40000 ALTER TABLE `ratings` ENABLE KEYS */;
UNLOCK TABLES;


# Export von Tabelle recipes
# ------------------------------------------------------------

DROP TABLE IF EXISTS `recipes`;

CREATE TABLE `recipes` (
  `id` bigint(20) unsigned NOT NULL AUTO_INCREMENT,
  `user_id` bigint(20) unsigned DEFAULT NULL,
  `title` varchar(255) COLLATE utf8mb4_unicode_ci NOT NULL,
  `description` varchar(255) COLLATE utf8mb4_unicode_ci NOT NULL,
  `is_public` tinyint(1) DEFAULT '0',
  `created_at` timestamp NULL DEFAULT NULL,
  `updated_at` timestamp NULL DEFAULT NULL,
  `category_id` bigint(20) unsigned DEFAULT NULL,
  `image_path` varchar(255) COLLATE utf8mb4_unicode_ci DEFAULT NULL,
  `ingredients` json NOT NULL,
  `steps` json NOT NULL,
  `rating_average` int(11) NOT NULL DEFAULT '0',
  PRIMARY KEY (`id`),
  KEY `recipes_user_id_foreign` (`user_id`),
  KEY `recipes_category_id_foreign` (`category_id`),
  CONSTRAINT `recipes_category_id_foreign` FOREIGN KEY (`category_id`) REFERENCES `categories` (`id`),
  CONSTRAINT `recipes_user_id_foreign` FOREIGN KEY (`user_id`) REFERENCES `users` (`id`)
) ENGINE=InnoDB DEFAULT CHARSET=utf8mb4 COLLATE=utf8mb4_unicode_ci;

LOCK TABLES `recipes` WRITE;
/*!40000 ALTER TABLE `recipes` DISABLE KEYS */;

INSERT INTO `recipes` (`id`, `user_id`, `title`, `description`, `is_public`, `created_at`, `updated_at`, `category_id`, `image_path`, `ingredients`, `steps`, `rating_average`)
VALUES
	(19,3,'test neu','testestest',0,'2020-12-05 09:43:55','2020-12-05 10:24:41',5,NULL,X'5B22696E67726535222C2022696E67726536222C20226E657737222C20226E657738222C20226E657739222C20226E65773130222C20226E65773131225D',X'5B227374657031222C20227374657032225D',0),
	(21,3,'testet','testest',0,'2020-12-05 10:42:23','2020-12-05 10:42:23',8,NULL,X'5B2274657374657374225D',X'5B2274657374736574225D',0),
	(22,3,'testes','testset',0,'2020-12-05 10:51:24','2020-12-05 10:51:24',6,NULL,X'5B2274657374736574225D',X'5B2274657374736574225D',0),
	(23,3,'testes','testset',0,'2020-12-05 10:51:37','2020-12-05 10:51:37',6,NULL,X'5B2274657374736574225D',X'5B2274657374736574225D',0),
	(24,3,'test public','testet',1,'2020-12-05 11:05:52','2020-12-05 11:05:52',6,NULL,X'5B22747365747374225D',X'5B22746573747374225D',0),
	(25,3,'Test mit Allergen','testsetset',0,'2020-12-05 22:44:05','2020-12-05 22:44:05',7,NULL,X'5B227374736574736574222C2022736574736574225D',X'5B22746573747365225D',0),
	(26,3,'Vegan Blueberry Muffins','The perfect vegan blueberry muffins! These muffins are soft, sweet, perfectly moist, and filled with fresh blueberries in every bite. Made with a hint of lemon to take these muffins to the next level.',1,'2020-12-06 11:39:49','2020-12-06 11:39:49',8,NULL,X'5B22312063757020736F79206D696C6B222C2022312074656173706F6F6E206170706C652063696465722076696E65676172222C202232206375707320616C6C2D707572706F736520666C6F7572222C202232C2BD2074656173706F6F6E732062616B696E6720706F77646572222C2022C2BC2074656173706F6F6E2062616B696E6720736F6461222C2022C2BD2074656173706F6F6E2073616C74222C2022C2BD20637570202B2032746273702E206772616E756C61746564207375676172222C2022C2BC20637570202B203220746273702E2063616E6F6C61206F696C222C2022312074656173706F6F6E2076616E696C6C612065787472616374222C20227A657374206F662031206C656D6F6E222C202231C2BD20E280932032206375707320667265736820626C756562657272696573225D',X'5B225072656865617420746865206F76656E20746F20333735462E2053707261792061206D756666696E2074696E207769746820636F6F6B696E6720737072617920616E64207365742061736964652E222C2022496E206120736D616C6C20626F776C20636F6D62696E6520736F79206D696C6B20616E64206170706C652063696465722076696E656761722E2053657420617369646520746F20616C6C6F77206D696C6B20746F20637572646C652E222C2022496E2061206C617267657220626F776C20636F6D62696E6520666C6F75722C2062616B696E6720706F776465722C2062616B696E6720736F64612C20616E642073616C742E205365742061736964652E20496E206120736570617261746520626F776C2C206D697820746F6765746865722073756761722C2063616E6F6C61206F696C2C206C656D6F6E207A6573742C20616E642076616E696C6C6120657874726163742E2041646420736F79206D696C6B2F76696E65676172206D69787475726520616E64207374697220746F20636F6D62696E652E205374697220696E207468652064727920696E6772656469656E747320756E74696C2077656C6C20696E636F72706F72617465642E204265206361726566756C206E6F7420746F206F7665722D6D697820E28093206120666577206C756D707320617265206F6B61792E2047656E746C7920666F6C6420696E2074686520626C7565626572726965732E222C202253706F6F6E20696E746F206D756666696E2074696E732C2066696C6C696E672065616368206375702061626F757420C2BE2066756C6C2E2042616B6520666F722032302D3235206D696E7574657320756E74696C2061206B6E69666520696E73657274656420696E20746865206D6964646C6520636F6D6573206F757420636C65616E2E222C202252656D6F76652066726F6D206865617420616E6420616C6C6F77206D756666696E7320746F20636F6F6C206265666F72652072656D6F76696E672066726F6D2070616E2E225D',0),
	(27,9,'Test0 recipe','asdfsadf',0,'2020-12-06 12:18:31','2020-12-06 12:18:31',8,NULL,X'5B226173646661647366222C20226173646661736466225D',X'5B226173646661736466225D',0),
	(28,9,'ShowEdit bei Test0','teastaesf',1,'2020-12-06 13:06:29','2020-12-06 16:17:12',8,NULL,X'5B227465737432323173646673646673644348414E4745222C202274657374337267736466674348414E474532222C20227364667364667364667465737474222C2022323232323274657374657374222C20223434343474657374736574222C202274657365746E6575225D',X'5B226173646661736466225D',0),
	(29,9,'Testrezept','Testdescription',1,'2020-12-06 16:23:08','2020-12-06 16:32:54',6,NULL,X'5B226765C3A46E646572746573657273746573696E6772222C2022496E6732222C2022496E67334E6575222C2022496E6735222C2022496E6736222C2022496E6737222C20226E657568696E7A75676566C3BC677465496E67222C202267616E7A206E65756573225D',X'5B225374657031225D',0),
	(30,3,'testest234234','setestes',1,'2020-12-07 19:32:14','2020-12-12 23:04:20',7,'zAOEsZvnt1K3zh0p.jpg',X'5B2274657374736574225D',X'5B2274657374657374225D',0),
	(31,3,'testest mit Bild','testest',1,'2020-12-07 19:38:13','2020-12-07 20:07:19',7,'zAOEsZvnt1K3zh0p.jpg',X'5B227374657374736575697569222C2022696E67726533225D',X'5B22746573746573222C20223735373574657374225D',0),
	(32,3,'test','testest',1,'2020-12-07 19:42:15','2020-12-07 19:42:15',6,'o0aC0otDVJLJocUP.jpg',X'5B2274736574736574225D',X'5B22747365747365747365225D',0),
	(33,3,'test allergen','test',1,'2020-12-08 08:40:08','2020-12-08 08:40:08',8,NULL,X'5B22746573746574225D',X'5B22746573746573747365225D',0),
	(34,3,'recipe all allgens','teste',1,'2020-12-08 09:27:32','2020-12-08 09:27:32',8,NULL,X'5B22746573746573225D',X'5B22746573747365225D',0),
	(35,3,'Recipe lactosefree Breakfast','teste',1,'2020-12-08 09:42:00','2020-12-08 09:42:00',5,NULL,X'5B227374657374225D',X'5B2265737472736574225D',0),
	(36,19,'testestset','testsetset',1,'2020-12-13 09:51:35','2020-12-13 09:51:35',6,'EhB1AdURuLZm0VfC.jpg',X'5B2274657374657374736574222C20227465737465737431333132225D',X'5B2274737465737465737465222C202274657374736574736574323334323338363738225D',0),
	(37,19,'testet','estestt',1,'2020-12-13 09:53:25','2020-12-13 09:53:25',6,NULL,X'5B22657374657374222C202274657374657374225D',X'5B2274657374736574736574736574736574222C2022323334323334777765727365726673225D',0),
	(38,19,'testet','estestt',1,'2020-12-13 09:53:39','2020-12-13 09:53:39',6,NULL,X'5B22657374657374222C202274657374657374225D',X'5B2274657374736574736574736574736574222C2022323334323334777765727365726673225D',0),
	(39,19,'adfadsfsa','dfsdfsdfs',1,'2020-12-13 09:53:54','2020-12-13 09:53:54',6,NULL,X'5B226466736466736466225D',X'5B22646673646673646673222C20226466736466736466225D',0),
	(40,19,'adfadsfsa','dfsdfsdfs',1,'2020-12-13 09:55:36','2020-12-13 09:55:36',6,NULL,X'5B226466736466736466225D',X'5B22646673646673646673222C20226466736466736466225D',0),
	(41,19,'adfadsfsa','dfsdfsdfs',1,'2020-12-13 09:55:43','2020-12-13 09:55:43',6,NULL,X'5B226466736466736466225D',X'5B22646673646673646673222C20226466736466736466225D',0),
	(42,19,'t5estsett','estsets',1,'2020-12-13 09:56:17','2020-12-13 09:56:17',7,NULL,X'5B227465737473657473222C20226574736574736574225D',X'5B22737465737473657474222C2022657374736574225D',0),
	(43,19,'t5estsett','estsets',1,'2020-12-13 09:59:17','2020-12-13 09:59:17',7,NULL,X'5B227465737473657473222C20226574736574736574225D',X'5B22737465737473657474222C2022657374736574225D',0),
	(44,19,'t5estsett','estsets',1,'2020-12-13 09:59:18','2020-12-13 09:59:18',7,NULL,X'5B227465737473657473222C20226574736574736574225D',X'5B22737465737473657474222C2022657374736574225D',0),
	(45,19,'t5estsett','estsets',1,'2020-12-13 09:59:53','2020-12-13 09:59:53',7,NULL,X'5B227465737473657473222C20226574736574736574225D',X'5B22737465737473657474222C2022657374736574225D',0),
	(46,19,'dfsdfsd','fsdfsd',1,'2020-12-13 10:00:09','2020-12-13 10:00:09',6,NULL,X'5B226673646673225D',X'5B226466736466225D',0),
	(47,19,'dfsdfsd','fsdfsd',1,'2020-12-13 10:00:31','2020-12-13 10:00:31',6,NULL,X'5B226673646673225D',X'5B226466736466225D',0),
	(48,19,'adfasfa','sdasda',1,'2020-12-13 10:00:43','2020-12-13 10:00:43',6,NULL,X'5B22736461736461225D',X'5B227364617364225D',3),
	(49,19,'adfasfa','sdasda',1,'2020-12-13 10:01:07','2020-12-13 10:01:07',6,NULL,X'5B22736461736461225D',X'5B227364617364225D',0),
	(50,19,'adsasda','sdasd',1,'2020-12-13 10:01:23','2020-12-13 10:01:23',NULL,NULL,X'5B226461736461222C2022736461736461225D',X'5B227364617364225D',0),
	(51,19,'testsetsetes','asddfgghkjjklö',1,'2020-12-13 10:31:01','2020-12-13 10:31:01',5,NULL,X'5B22617364617364225D',X'5B22617364617364617364225D',0),
	(52,19,'teste','testsetst',1,'2020-12-13 11:08:07','2020-12-13 11:08:07',5,NULL,X'5B2274736574736574225D',X'5B22746573747365747365225D',0),
	(53,19,'teste','testsetst',1,'2020-12-13 11:09:07','2020-12-13 11:09:07',5,NULL,X'5B2274736574736574225D',X'5B22746573747365747365225D',0),
	(54,19,'teste','testsetst',1,'2020-12-13 11:09:14','2020-12-13 11:09:14',5,NULL,X'5B2274736574736574225D',X'5B22746573747365747365225D',0),
	(55,19,'54ew535','3w5w35',1,'2020-12-13 11:09:43','2020-12-13 11:09:43',6,NULL,X'5B227465737266647973222C20226466736466222C2022736466736466222C202273646667736466225D',X'5B22736466736466736466225D',0),
	(56,20,'test my','sdfasdf',0,'2020-12-13 16:19:59','2020-12-13 16:19:59',NULL,NULL,X'5B22617364667361646661225D',X'5B2273646661647366225D',0),
	(57,20,'test my','fdsfsdfs',0,'2020-12-13 16:34:20','2020-12-13 16:34:20',6,'FIKPzIa0pQwVIgiI.jpg',X'5B22646673646673222C2022646673646673225D',X'5B226466736466225D',0),
	(58,20,'Filter Lunch Laktosefrei','sdfaasdfadsf',1,'2020-12-18 18:21:03','2020-12-20 15:38:52',6,'ghraIE0dcwlU7W4t.jpeg',X'5B22617364666173646661736466225D',X'5B226473667364662E2074657374225D',0),
	(59,20,'Test alle allergene Test','merdeee',1,'2020-12-18 18:31:27','2020-12-19 10:07:08',6,NULL,X'5B227465737433C3A46E64222C20226E6575225D',X'5B227465737465737433343434222C20227465737434225D',3),
	(60,20,'test allergen','sfdsdf',1,'2020-12-20 15:39:22','2020-12-20 15:51:57',5,NULL,X'5B22736466736466225D',X'5B22736466736466225D',0),
	(61,20,'test','test',1,'2020-12-20 15:56:47','2020-12-20 15:56:47',5,NULL,X'5B2274657374222C202274736574225D',X'5B2274657374225D',0),
	(62,20,'test2','test',1,'2020-12-20 15:58:13','2020-12-20 15:58:13',5,NULL,X'5B6E756C6C5D',X'5B6E756C6C5D',0),
	(63,20,'gest','test',1,'2020-12-20 15:59:11','2020-12-20 15:59:11',5,NULL,X'5B6E756C6C5D',X'5B6E756C6C5D',0),
	(64,20,'test','test',1,'2020-12-20 16:33:48','2020-12-20 16:33:48',5,NULL,X'5B2274657374225D',X'5B2274657374225D',0),
	(65,23,'Roasted Pineapple','It’s shockingly good.',1,'2020-12-20 17:28:59','2020-12-20 17:36:23',8,'7b8NbbtOde8kXJAg.jpg',X'5B2231206D656469756D20726970652070696E656170706C65222C202232207461626C6573706F6F6E73206D656C74656420627574746572206F7220636F636F6E7574206F696C2C2064697669646564222C202233207461626C6573706F6F6E732073756761722C2064697669646564225D',X'5B225072656865617420746865206F76656E2034303020646567726565732E204C696E6520612062616B696E6720736865657420776974682070617263686D656E742070617065722E222C20224C6179207468652070696E656170706C65206F6E20697473207369646520616E6420736C696365206F66662074686520746F7020616E642074686520626F74746F6D2E205374616E64207468652070696E656170706C65207570726967687420616E64207472696D206F6666207468652072696E642E2054727920746F20676574206173206D756368206F662074686520E2809865796573E28099206F666620617320706F737369626C652E20536C696365207468652070696E656170706C6520696E2068616C662C207468656E20696E746F2071756172746572732E204C617920612071756172746572206F6E207468652063757474696E6720626F61726420616E6420736C696365206F75742074686520746F75676820636F72652E20526570656174207769746820616C6C207468652071756172746572732E222C2022536C696365206561636820776564676520696E2068616C6620616E6420706C616365206F6E207468652070726570617265642062616B696E672073686565742E204272757368206561636820776564676520776974682068616C6620746865206D656C74656420627574746572206F7220636F636F6E7574206F696C20616E6420737072696E6B6C65206576656E6C7920776974682032207461626C6573706F6F6E73206F662073756761722E20526F61737420666F72203135206D696E757465732E222C2022466C6970207468652070696E656170706C652077656467657320616E642062727573682077697468207468652072656D61696E696E6720627574746572206F72206F696C20616E6420726F61737420666F7220616E6F74686572203135206D696E757465732E222C20225365727665207761726D206F7220617420726F6F6D2074656D70657261747572652E225D',0),
	(66,23,'test','setset',1,'2020-12-20 17:29:42','2020-12-20 17:29:42',8,NULL,X'5B2274657374225D',X'5B2274657374225D',0),
	(67,23,'test','tests',1,'2020-12-20 17:33:32','2020-12-20 17:33:32',8,'xdcBJbnaKk6IheFf.jpg',X'5B2274657374225D',X'5B2274657374225D',0);

/*!40000 ALTER TABLE `recipes` ENABLE KEYS */;
UNLOCK TABLES;


# Export von Tabelle reviews
# ------------------------------------------------------------

DROP TABLE IF EXISTS `reviews`;

CREATE TABLE `reviews` (
  `id` bigint(20) unsigned NOT NULL AUTO_INCREMENT,
  `created_at` timestamp NULL DEFAULT NULL,
  `updated_at` timestamp NULL DEFAULT NULL,
  `comment` varchar(255) COLLATE utf8mb4_unicode_ci NOT NULL,
  `rating` int(11) NOT NULL,
  `recipe_id` bigint(20) unsigned DEFAULT NULL,
  `user_id` bigint(20) unsigned DEFAULT NULL,
  PRIMARY KEY (`id`),
  KEY `reviews_recipe_id_foreign` (`recipe_id`),
  KEY `reviews_user_id_foreign` (`user_id`),
  CONSTRAINT `reviews_recipe_id_foreign` FOREIGN KEY (`recipe_id`) REFERENCES `recipes` (`id`),
  CONSTRAINT `reviews_user_id_foreign` FOREIGN KEY (`user_id`) REFERENCES `users` (`id`)
) ENGINE=InnoDB DEFAULT CHARSET=utf8mb4 COLLATE=utf8mb4_unicode_ci;

LOCK TABLES `reviews` WRITE;
/*!40000 ALTER TABLE `reviews` DISABLE KEYS */;

INSERT INTO `reviews` (`id`, `created_at`, `updated_at`, `comment`, `rating`, `recipe_id`, `user_id`)
VALUES
	(1,'2020-12-12 11:56:22','2020-12-12 11:56:22','test',3,35,18),
	(2,'2020-12-12 11:56:30','2020-12-12 11:56:30','test',2,35,18),
	(3,'2020-12-12 11:57:19','2020-12-12 11:57:19','test',2,35,18),
	(4,'2020-12-12 12:35:58','2020-12-12 12:35:58','eintrag2',2,35,18),
	(5,'2020-12-12 12:38:22','2020-12-12 12:38:22','eintrag2',2,35,18),
	(6,'2020-12-12 20:17:15','2020-12-12 20:17:15','123123easdasd',1,35,18),
	(7,'2020-12-12 20:29:30','2020-12-12 20:29:30','123123easdasd',1,35,18),
	(8,'2020-12-12 20:29:34','2020-12-12 20:29:34','123123easdasd',2,35,18),
	(9,'2020-12-12 20:32:37','2020-12-12 20:32:37','123123easdasd',2,35,18),
	(10,'2020-12-12 20:32:41','2020-12-12 20:32:41','123123easdasd',3,35,18),
	(11,'2020-12-12 20:38:44','2020-12-12 20:38:44','123123easdasd',3,35,18),
	(12,'2020-12-12 20:38:57','2020-12-12 20:38:57','123123easdasd',3,35,18),
	(13,'2020-12-12 20:40:53','2020-12-12 20:40:53','123123easdasd',3,35,18),
	(14,'2020-12-12 20:42:11','2020-12-12 20:42:11','123123easdasd',3,35,18),
	(15,'2020-12-12 20:46:05','2020-12-12 20:46:05','123123easdasd',3,35,18),
	(16,'2020-12-12 20:46:19','2020-12-12 20:46:19','123123easdasd',3,35,18),
	(17,'2020-12-12 20:48:15','2020-12-12 20:48:15','123123easdasd',3,35,18),
	(18,'2020-12-12 20:48:43','2020-12-12 20:48:43','123123easdasd',3,35,18),
	(19,'2020-12-12 20:48:51','2020-12-12 20:48:51','123123easdasd',3,35,18),
	(20,'2020-12-12 20:49:09','2020-12-12 20:49:09','123123easdasd',3,35,18),
	(21,'2020-12-12 20:49:23','2020-12-12 20:49:23','123123easdasd',3,35,18),
	(22,'2020-12-12 20:49:41','2020-12-12 20:49:41','123123easdasd',3,35,18),
	(23,'2020-12-12 20:50:59','2020-12-12 20:50:59','123123easdasd',3,35,18),
	(24,'2020-12-12 20:51:24','2020-12-12 20:51:24','123123easdasd',3,35,18),
	(25,'2020-12-12 20:52:00','2020-12-12 20:52:00','123123easdasd',3,35,18),
	(26,'2020-12-12 20:53:22','2020-12-12 20:53:22','123123easdasd',3,35,18),
	(27,'2020-12-12 20:54:30','2020-12-12 20:54:30','123123easdasd',3,35,18),
	(28,'2020-12-12 20:55:41','2020-12-12 20:55:41','123123easdasd',3,35,18),
	(29,'2020-12-12 20:55:47','2020-12-12 20:55:47','123123easdasd',3,35,18),
	(30,'2020-12-12 20:55:49','2020-12-12 20:55:49','123123easdasd',3,35,18),
	(31,'2020-12-12 20:56:33','2020-12-12 20:56:33','123123easdasd',3,35,18),
	(32,'2020-12-12 21:00:13','2020-12-12 21:00:13','123123easdasd',3,35,18),
	(33,'2020-12-12 21:03:22','2020-12-12 21:03:22','123123easdasd',3,35,18),
	(34,'2020-12-12 21:04:08','2020-12-12 21:04:08','123123easdasd',3,35,18),
	(35,'2020-12-12 21:04:23','2020-12-12 21:04:23','123123easdasd',2,35,18),
	(36,'2020-12-12 21:05:04','2020-12-12 21:05:04','123123easdasd',2,35,18),
	(37,'2020-12-12 21:05:14','2020-12-12 21:05:14','dasdasd',1,35,18),
	(38,'2020-12-12 21:05:25','2020-12-12 21:05:25','asdasd',1,35,18),
	(39,'2020-12-12 21:05:36','2020-12-12 21:05:36','asdasd',1,35,18),
	(40,'2020-12-12 21:06:05','2020-12-12 21:06:05','asdas',1,35,18),
	(41,'2020-12-12 21:06:19','2020-12-12 21:06:19','asdas',1,35,18),
	(42,'2020-12-12 21:07:33','2020-12-12 21:07:33','asdas',1,35,18),
	(43,'2020-12-12 21:14:45','2020-12-12 21:14:45','asdasd',1,35,18),
	(44,'2020-12-12 21:33:52','2020-12-12 21:33:52','test',1,35,18),
	(45,'2020-12-12 21:36:54','2020-12-12 21:36:54','test',3,35,18),
	(46,'2020-12-12 21:58:37','2020-12-12 21:58:37','dsadasdfa',1,35,18),
	(47,'2020-12-13 11:29:17','2020-12-13 11:29:17','Testkommentar',4,48,19),
	(48,'2020-12-18 17:41:31','2020-12-18 17:41:31','teeeeeest',2,48,20),
	(49,'2020-12-18 17:42:30','2020-12-18 17:42:30','Lorem ipsum dolor sit amet, consetetur sadipscing elitr, sed diam nonumy eirmod tempor invidunt ut labore et dolore magna aliquyam erat, sed diam voluptua. At vero.',2,48,20),
	(50,'2020-12-20 16:41:55','2020-12-20 16:41:55','test',3,59,20);

/*!40000 ALTER TABLE `reviews` ENABLE KEYS */;
UNLOCK TABLES;


# Export von Tabelle users
# ------------------------------------------------------------

DROP TABLE IF EXISTS `users`;

CREATE TABLE `users` (
  `id` bigint(20) unsigned NOT NULL AUTO_INCREMENT,
  `name` varchar(255) COLLATE utf8mb4_unicode_ci NOT NULL,
  `email` varchar(255) COLLATE utf8mb4_unicode_ci NOT NULL,
  `email_verified_at` timestamp NULL DEFAULT NULL,
  `password` varchar(255) COLLATE utf8mb4_unicode_ci NOT NULL,
  `preferred_content` varchar(255) COLLATE utf8mb4_unicode_ci NOT NULL DEFAULT 'undefined',
  `image_path` varchar(255) COLLATE utf8mb4_unicode_ci DEFAULT NULL,
  `remember_token` varchar(100) COLLATE utf8mb4_unicode_ci DEFAULT NULL,
  `created_at` timestamp NULL DEFAULT NULL,
  `updated_at` timestamp NULL DEFAULT NULL,
  PRIMARY KEY (`id`),
  UNIQUE KEY `users_email_unique` (`email`)
) ENGINE=InnoDB DEFAULT CHARSET=utf8mb4 COLLATE=utf8mb4_unicode_ci;

LOCK TABLES `users` WRITE;
/*!40000 ALTER TABLE `users` DISABLE KEYS */;

INSERT INTO `users` (`id`, `name`, `email`, `email_verified_at`, `password`, `preferred_content`, `image_path`, `remember_token`, `created_at`, `updated_at`)
VALUES
	(2,'Test','test@user.at',NULL,'$2y$10$9c9B.5mGkFuL85umlNYtvux/m/UgA7PUQ8E4smBjgqIMZo7alJJkG','undefined',NULL,NULL,'2020-11-29 22:44:12','2020-11-29 22:44:12'),
	(3,'Kerstin','kerstin@test.at',NULL,'$2y$10$xmOCrEgZx07/LxdqKCe7/uIqBvV1RU2r39R1ugf/oyf8bx1Kq2KRe','undefined',NULL,NULL,'2020-11-30 20:08:44','2020-12-08 10:57:03'),
	(4,'Neu UserName','test@testos.at',NULL,'$2y$10$eMJv3keDm3YeYB3i8LUAl.KZhKGDhPNGMUksAcqR4PT7YtOzhf2iK','undefined',NULL,NULL,'2020-11-30 20:18:25','2020-11-30 20:59:42'),
	(5,'Kerstin','kewu@gmx.at',NULL,'$2y$10$A0QmlGZBUXeeP4Djc1rgl.e2Vq8y49zNDspVG4LdhcYJXn7A8GtF6','undefined',NULL,NULL,'2020-12-02 18:34:03','2020-12-02 18:34:03'),
	(6,'Testuser','test@testestsetset.at',NULL,'$2y$10$WtmivxGVvpG5uqd0uR2/yelIZbdSYxAY0V/jQPVvDUUk9HTLEhNYq','undefined',NULL,NULL,'2020-12-04 17:11:21','2020-12-04 17:11:21'),
	(7,'Testuser','test@test.at',NULL,'$2y$10$4HrQzwZUqUNrV3aXbnYdpu4/7qBASaJb9Pcz6kz1uv.PdGjLrBb16','undefined',NULL,NULL,'2020-12-05 22:59:58','2020-12-05 22:59:58'),
	(9,'Testuser','test0@test.at',NULL,'$2y$10$mg8/beIwt0ENIwtQVaTb2uJCFY1q3pUdC8f8Ae2BZXHjhDLT6/ESG','undefined',NULL,NULL,'2020-12-06 12:16:16','2020-12-06 12:16:16'),
	(10,'Jody','jody@test.at',NULL,'$2y$10$2k3AOG/izpZ.jB9BUGdrrey041mcf8wkAF38f09k6wa2EnFwOM08G','undefined',NULL,NULL,'2020-12-08 11:00:16','2020-12-08 11:00:16'),
	(17,'Kerstin','kewu@test.at',NULL,'$2y$10$hY7Vdvda2lf7EXRLzc6y4.N6aDFjtXRYHjUv.KX3jPveTTs0L58kG','undefined','vUlp3QmtL66mnqVz.jpeg',NULL,'2020-12-08 11:15:09','2020-12-08 11:22:05'),
	(18,'Testname','test12@test.at',NULL,'$2y$10$M06FQjNRutm.da5HgW64v.30V3IU5Gayy.vebnKY.mKwSGL9JKQWG','undefined',NULL,NULL,'2020-12-12 10:13:37','2020-12-12 10:13:37'),
	(19,'Preferred Content Test','testpref@test.at',NULL,'$2y$10$AvZky4mPWfKhTwLtGoqoHuOo9GcbcZGpDRD49gXfc4wlEWIf/RWBC','undefined',NULL,NULL,'2020-12-13 09:46:36','2020-12-13 09:46:36'),
	(20,'TestUser','test1231@test.st',NULL,'$2y$10$iFmTLRMD2IIqbgEpi26kqujADBWAA2/0.v4GfuSdYI/HAExNOLyCa','undefined',NULL,NULL,'2020-12-13 12:46:37','2020-12-20 16:27:06'),
	(21,'Testuser','test121212@test.at',NULL,'$2y$10$y.xTTWnqz9DN04.kM0tw/OUl9aqXo2lt4CHwfxixfzA5ULfVKfsdC','undefined',NULL,NULL,'2020-12-19 18:45:36','2020-12-20 17:17:35'),
	(22,'Testuser Neu','test123ol@test.at',NULL,'$2y$10$/OGgHN7y4njMu58KfA//2.9M9EW2HEDiJvAadyHsJtn7/iI/Rm7zS','undefined',NULL,NULL,'2020-12-20 17:04:42','2020-12-20 17:04:42'),
	(23,'Kernfeature Testuser','kernfeature@testuser.at',NULL,'$2y$10$mBZ45qxlCoQqs3I82AsBeeRflIDzlzXEuKRnwX6A1nLJZcOapI/26','undefined','OAd0OEImIxf32tVK.jpg',NULL,'2020-12-20 17:22:55','2020-12-20 17:22:55');

/*!40000 ALTER TABLE `users` ENABLE KEYS */;
UNLOCK TABLES;



/*!40111 SET SQL_NOTES=@OLD_SQL_NOTES */;
/*!40101 SET SQL_MODE=@OLD_SQL_MODE */;
/*!40014 SET FOREIGN_KEY_CHECKS=@OLD_FOREIGN_KEY_CHECKS */;
/*!40101 SET CHARACTER_SET_CLIENT=@OLD_CHARACTER_SET_CLIENT */;
/*!40101 SET CHARACTER_SET_RESULTS=@OLD_CHARACTER_SET_RESULTS */;
/*!40101 SET COLLATION_CONNECTION=@OLD_COLLATION_CONNECTION */;
